-- MySQL dump 10.13  Distrib 8.0.30, for Win64 (x86_64)
--
-- Host: localhost    Database: laravel
-- ------------------------------------------------------
-- Server version	8.0.30

/*!40101 SET @OLD_CHARACTER_SET_CLIENT=@@CHARACTER_SET_CLIENT */;
/*!40101 SET @OLD_CHARACTER_SET_RESULTS=@@CHARACTER_SET_RESULTS */;
/*!40101 SET @OLD_COLLATION_CONNECTION=@@COLLATION_CONNECTION */;
/*!50503 SET NAMES utf8mb4 */;
/*!40103 SET @OLD_TIME_ZONE=@@TIME_ZONE */;
/*!40103 SET TIME_ZONE='+00:00' */;
/*!40014 SET @OLD_UNIQUE_CHECKS=@@UNIQUE_CHECKS, UNIQUE_CHECKS=0 */;
/*!40014 SET @OLD_FOREIGN_KEY_CHECKS=@@FOREIGN_KEY_CHECKS, FOREIGN_KEY_CHECKS=0 */;
/*!40101 SET @OLD_SQL_MODE=@@SQL_MODE, SQL_MODE='NO_AUTO_VALUE_ON_ZERO' */;
/*!40111 SET @OLD_SQL_NOTES=@@SQL_NOTES, SQL_NOTES=0 */;

--
-- Table structure for table `failed_jobs`
--

DROP TABLE IF EXISTS `failed_jobs`;
/*!40101 SET @saved_cs_client     = @@character_set_client */;
/*!50503 SET character_set_client = utf8mb4 */;
CREATE TABLE `failed_jobs` (
  `id` bigint unsigned NOT NULL AUTO_INCREMENT,
  `uuid` varchar(255) COLLATE utf8mb4_unicode_ci NOT NULL,
  `connection` text COLLATE utf8mb4_unicode_ci NOT NULL,
  `queue` text COLLATE utf8mb4_unicode_ci NOT NULL,
  `payload` longtext COLLATE utf8mb4_unicode_ci NOT NULL,
  `exception` longtext COLLATE utf8mb4_unicode_ci NOT NULL,
  `failed_at` timestamp NOT NULL DEFAULT CURRENT_TIMESTAMP,
  PRIMARY KEY (`id`),
  UNIQUE KEY `failed_jobs_uuid_unique` (`uuid`)
) ENGINE=InnoDB DEFAULT CHARSET=utf8mb4 COLLATE=utf8mb4_unicode_ci;
/*!40101 SET character_set_client = @saved_cs_client */;

--
-- Dumping data for table `failed_jobs`
--

LOCK TABLES `failed_jobs` WRITE;
/*!40000 ALTER TABLE `failed_jobs` DISABLE KEYS */;
/*!40000 ALTER TABLE `failed_jobs` ENABLE KEYS */;
UNLOCK TABLES;

--
-- Table structure for table `migrations`
--

DROP TABLE IF EXISTS `migrations`;
/*!40101 SET @saved_cs_client     = @@character_set_client */;
/*!50503 SET character_set_client = utf8mb4 */;
CREATE TABLE `migrations` (
  `id` int unsigned NOT NULL AUTO_INCREMENT,
  `migration` varchar(255) COLLATE utf8mb4_unicode_ci NOT NULL,
  `batch` int NOT NULL,
  PRIMARY KEY (`id`)
) ENGINE=InnoDB AUTO_INCREMENT=13 DEFAULT CHARSET=utf8mb4 COLLATE=utf8mb4_unicode_ci;
/*!40101 SET character_set_client = @saved_cs_client */;

--
-- Dumping data for table `migrations`
--

LOCK TABLES `migrations` WRITE;
/*!40000 ALTER TABLE `migrations` DISABLE KEYS */;
INSERT INTO `migrations` VALUES (6,'2014_10_12_000000_create_users_table',1),(7,'2014_10_12_100000_create_password_reset_tokens_table',1),(8,'2019_08_19_000000_create_failed_jobs_table',1),(9,'2019_12_14_000001_create_personal_access_tokens_table',1),(11,'2023_07_21_154143_create_posts_table',2),(12,'2023_07_21_162935_add_columns_to_posts_table',3);
/*!40000 ALTER TABLE `migrations` ENABLE KEYS */;
UNLOCK TABLES;

--
-- Table structure for table `password_reset_tokens`
--

DROP TABLE IF EXISTS `password_reset_tokens`;
/*!40101 SET @saved_cs_client     = @@character_set_client */;
/*!50503 SET character_set_client = utf8mb4 */;
CREATE TABLE `password_reset_tokens` (
  `email` varchar(255) COLLATE utf8mb4_unicode_ci NOT NULL,
  `token` varchar(255) COLLATE utf8mb4_unicode_ci NOT NULL,
  `created_at` timestamp NULL DEFAULT NULL,
  PRIMARY KEY (`email`)
) ENGINE=InnoDB DEFAULT CHARSET=utf8mb4 COLLATE=utf8mb4_unicode_ci;
/*!40101 SET character_set_client = @saved_cs_client */;

--
-- Dumping data for table `password_reset_tokens`
--

LOCK TABLES `password_reset_tokens` WRITE;
/*!40000 ALTER TABLE `password_reset_tokens` DISABLE KEYS */;
/*!40000 ALTER TABLE `password_reset_tokens` ENABLE KEYS */;
UNLOCK TABLES;

--
-- Table structure for table `personal_access_tokens`
--

DROP TABLE IF EXISTS `personal_access_tokens`;
/*!40101 SET @saved_cs_client     = @@character_set_client */;
/*!50503 SET character_set_client = utf8mb4 */;
CREATE TABLE `personal_access_tokens` (
  `id` bigint unsigned NOT NULL AUTO_INCREMENT,
  `tokenable_type` varchar(255) COLLATE utf8mb4_unicode_ci NOT NULL,
  `tokenable_id` bigint unsigned NOT NULL,
  `name` varchar(255) COLLATE utf8mb4_unicode_ci NOT NULL,
  `token` varchar(64) COLLATE utf8mb4_unicode_ci NOT NULL,
  `abilities` text COLLATE utf8mb4_unicode_ci,
  `last_used_at` timestamp NULL DEFAULT NULL,
  `expires_at` timestamp NULL DEFAULT NULL,
  `created_at` timestamp NULL DEFAULT NULL,
  `updated_at` timestamp NULL DEFAULT NULL,
  PRIMARY KEY (`id`),
  UNIQUE KEY `personal_access_tokens_token_unique` (`token`),
  KEY `personal_access_tokens_tokenable_type_tokenable_id_index` (`tokenable_type`,`tokenable_id`)
) ENGINE=InnoDB DEFAULT CHARSET=utf8mb4 COLLATE=utf8mb4_unicode_ci;
/*!40101 SET character_set_client = @saved_cs_client */;

--
-- Dumping data for table `personal_access_tokens`
--

LOCK TABLES `personal_access_tokens` WRITE;
/*!40000 ALTER TABLE `personal_access_tokens` DISABLE KEYS */;
/*!40000 ALTER TABLE `personal_access_tokens` ENABLE KEYS */;
UNLOCK TABLES;

--
-- Table structure for table `posts`
--

DROP TABLE IF EXISTS `posts`;
/*!40101 SET @saved_cs_client     = @@character_set_client */;
/*!50503 SET character_set_client = utf8mb4 */;
CREATE TABLE `posts` (
  `id` bigint unsigned NOT NULL AUTO_INCREMENT,
  `title` varchar(255) COLLATE utf8mb4_unicode_ci NOT NULL,
  `content` text COLLATE utf8mb4_unicode_ci NOT NULL,
  `created_at` timestamp NULL DEFAULT NULL,
  `updated_at` timestamp NULL DEFAULT NULL,
  `user_id` bigint unsigned NOT NULL,
  `slug` varchar(255) COLLATE utf8mb4_unicode_ci NOT NULL,
  PRIMARY KEY (`id`),
  UNIQUE KEY `posts_slug_unique` (`slug`),
  KEY `posts_user_id_foreign` (`user_id`),
  CONSTRAINT `posts_user_id_foreign` FOREIGN KEY (`user_id`) REFERENCES `users` (`id`) ON DELETE CASCADE
) ENGINE=InnoDB AUTO_INCREMENT=128 DEFAULT CHARSET=utf8mb4 COLLATE=utf8mb4_unicode_ci;
/*!40101 SET character_set_client = @saved_cs_client */;

--
-- Dumping data for table `posts`
--

LOCK TABLES `posts` WRITE;
/*!40000 ALTER TABLE `posts` DISABLE KEYS */;
INSERT INTO `posts` VALUES (8,'Consequuntur exercitationem odit fugiat debitis aut velit.','Culpa illo quia voluptas ad. Modi a veniam omnis sed. Animi ab non fuga est deleniti aspernatur quis error. Nihil voluptatem minima quis in deleniti.','2023-07-22 00:20:36','2023-07-22 00:20:36',10,'quibusdam-qui-magnam-quam-maxime-quia-excepturi-reprehenderit-dolorum'),(9,'Neque dolor omnis quo in doloremque.','A ipsa aut sequi vel veniam. Dicta vel et consequuntur corporis possimus et minima. Voluptatum inventore pariatur non quas. Et omnis repellendus quia iste architecto.','2023-07-22 00:20:36','2023-07-22 00:20:36',9,'non-qui-commodi-omnis-sed'),(10,'A debitis repellendus et optio.','Nemo doloremque enim molestias id. Dolorem voluptatem voluptate et quas ut veritatis dolor. Deleniti dolor ea assumenda reprehenderit.','2023-07-22 00:20:36','2023-07-22 00:20:36',7,'cupiditate-odit-et-quos-nam'),(11,'Saepe reiciendis aperiam voluptatem.','Quia repellendus repudiandae similique facilis. Eaque eius alias non pariatur.','2023-07-22 00:20:36','2023-07-22 00:20:36',19,'provident-soluta-expedita-doloribus-maiores-porro-nemo-nobis-voluptas'),(12,'Enim omnis vel ut rerum fugit.','Unde aspernatur consequuntur fugit similique velit. Et vel voluptas quis nisi nihil temporibus et. Et quaerat possimus molestiae commodi. Id minima vero debitis voluptatem.','2023-07-22 00:20:36','2023-07-22 00:20:36',15,'nihil-quidem-et-eos-amet-magnam'),(13,'Doloremque molestiae vel quas dolorem.','Cumque aspernatur aut recusandae aut ut eius. Officiis quia eum aut.','2023-07-22 00:20:36','2023-07-22 00:20:36',18,'rem-numquam-autem-sit-voluptatum-nobis-omnis-quisquam-distinctio'),(14,'Rerum et sit enim illum rerum quia omnis asperiores.','Ea voluptas dolor autem. Magnam et commodi aliquam non tenetur modi iste. Voluptas est dolorem ab eveniet.','2023-07-22 00:20:36','2023-07-22 00:20:36',12,'natus-asperiores-vero-explicabo-qui'),(15,'Fugit rem dicta doloremque iure aut ad nostrum.','Assumenda non dolorem eius voluptatem sint quod perspiciatis. Eos et voluptatem aliquam voluptatibus fugiat minus. Aut officia ea qui quos consequatur cupiditate sit. Laborum recusandae qui error ut.','2023-07-22 00:20:36','2023-07-22 00:20:36',11,'nisi-corporis-ea-voluptatem-fugit'),(16,'Atque vel error harum blanditiis fugiat aperiam est inventore.','Autem quasi enim eligendi. Qui tempora aut dolores corporis. Numquam aut maxime et alias pariatur.','2023-07-22 00:20:36','2023-07-22 00:20:36',6,'excepturi-et-id-voluptatem-sunt-amet'),(17,'Quod totam corporis sed quasi.','Aut quod voluptates doloremque in. Et omnis dolores magni vero sed quia aperiam. Magnam optio et laborum fugit beatae. Neque corporis doloribus maxime earum.','2023-07-22 00:20:36','2023-07-22 00:20:36',17,'explicabo-itaque-ea-suscipit-officia-fugiat'),(18,'Ut nam repudiandae quos est.','Quaerat sunt id ut voluptas earum id qui itaque. Vero omnis tenetur sed est. Quos deleniti quod modi sed quia dolores nostrum.','2023-07-22 00:20:36','2023-07-22 00:20:36',8,'nostrum-alias-nostrum-tempore-dignissimos-alias-in-molestiae'),(19,'Ut totam quas quam hic dolores qui amet ab.','Fugit eos quod saepe quo corrupti. Quo itaque odit eum. Quidem exercitationem odit occaecati ullam.','2023-07-22 00:20:36','2023-07-22 00:20:36',7,'quia-eos-culpa-in-voluptas-architecto-expedita'),(20,'Eaque id hic aliquid ut quo.','Asperiores adipisci rem aliquid vel quidem ipsum rem quod. Odit doloribus excepturi amet molestiae. Quia natus tempore a corrupti quod recusandae.','2023-07-22 00:20:36','2023-07-22 00:20:36',2,'qui-quia-assumenda-ut-magnam-voluptatem-ad'),(21,'Itaque id et consequatur dolorum.','Et veniam deleniti sint et delectus sint molestias necessitatibus. Quia inventore quia ab tempore quam. Praesentium omnis voluptas deserunt dolore ut consequatur nemo.','2023-07-22 00:20:36','2023-07-22 00:20:36',15,'iusto-quaerat-voluptatem-enim-odit-officiis-fuga-et'),(22,'Quis voluptas dolorem et id.','Quam est impedit voluptatem vel. Ad unde consequatur architecto necessitatibus aut non. Nihil et fugiat voluptatem quas et ducimus. Corrupti in tempore aut totam.','2023-07-22 00:20:36','2023-07-22 00:20:36',4,'deserunt-commodi-exercitationem-totam'),(23,'At ducimus quod sit illo.','Autem perspiciatis repellat eaque atque vel voluptas ducimus nobis. Qui doloribus qui ut recusandae repellat inventore. Repellendus modi soluta qui accusantium ut aperiam voluptatem.','2023-07-22 00:20:36','2023-07-22 00:20:36',15,'voluptas-maxime-nam-et-unde-eveniet-laborum-dolore'),(24,'Eius rem qui ut suscipit voluptas quasi laboriosam alias.','Porro quia velit delectus neque consequuntur. Sunt et atque voluptatem eos. Perspiciatis eum velit tenetur. Voluptas officiis itaque earum at facere.','2023-07-22 00:20:36','2023-07-22 00:20:36',10,'ut-incidunt-dolor-qui-voluptas'),(25,'Est aut voluptatem et minima asperiores.','Voluptatum velit tempora illo ullam quo voluptatem reprehenderit. Dicta a ab accusantium odit aliquid quia. Quidem est et hic cum praesentium unde consequatur.','2023-07-22 00:20:36','2023-07-22 00:20:36',13,'ratione-sed-illum-tenetur-quo-temporibus-repellat-qui'),(26,'Harum voluptatem impedit consequatur ab.','Magni repudiandae dolorem facilis laboriosam nihil est ipsum. Occaecati vel quaerat sint nobis. Dolores maiores sit aspernatur.','2023-07-22 00:20:36','2023-07-22 00:20:36',20,'consequatur-quo-accusamus-dolorem-laudantium-delectus-aut'),(27,'Sit facilis similique velit iusto aperiam.','Quam quis non tempora sunt aut nisi. Sit porro ut sed sed quo ipsam. Molestiae sed hic consequatur doloremque. Optio maxime et a quam architecto nobis beatae deserunt.','2023-07-22 00:20:36','2023-07-22 00:20:36',13,'amet-cum-doloribus-dicta-magnam-quaerat'),(28,'Est praesentium ut velit molestiae laboriosam.','Facilis animi veritatis occaecati harum fugiat voluptatibus modi. Sint molestiae quaerat aut. Ipsum debitis sed ducimus quos corrupti. Velit quam qui non et.','2023-07-22 00:55:33','2023-07-22 00:55:33',12,'quis-facere-qui-quae-odit-cum-quasi-voluptas-nisi'),(29,'Nulla aut similique odit.','Ea iure dolor voluptas eos. Harum sed fugit nemo rem asperiores ut.','2023-07-22 00:55:33','2023-07-22 00:55:33',16,'et-eius-et-veritatis-aliquid-aut-molestiae-necessitatibus-dignissimos'),(30,'Est at vitae nihil nisi.','Non facilis aut ullam consequatur. Consequatur voluptas tenetur voluptatem eligendi sequi. Perspiciatis ullam et iusto pariatur.','2023-07-22 00:55:33','2023-07-22 00:55:33',2,'molestias-minus-eligendi-sunt-numquam-magnam-commodi-quam-corporis'),(31,'Sit fuga eum eveniet unde sint.','Nemo nulla error cum laborum. Possimus autem qui illo magnam. Sit aut ipsa delectus et hic. Corporis et nemo repellendus sunt illo molestiae odio.','2023-07-22 00:55:33','2023-07-22 00:55:33',14,'rerum-aut-voluptates-qui-nam'),(32,'Dolor quam eveniet ut dolor.','Odio magnam voluptatem est. Fuga qui eum et. Recusandae qui deserunt aspernatur illum et quas.','2023-07-22 00:55:33','2023-07-22 00:55:33',2,'rerum-voluptatibus-rerum-nostrum-reprehenderit-doloribus-distinctio-exercitationem'),(33,'Qui voluptatem fugiat consectetur et.','Dolor adipisci est ut quia impedit. Assumenda ex ut dolore dolorem. Facere reprehenderit est asperiores. Saepe dolor dolores nam qui quas dolor vitae sit.','2023-07-22 00:55:33','2023-07-22 00:55:33',9,'iste-a-autem-voluptatibus-ab-ut-iusto-consequatur-impedit'),(34,'Impedit et asperiores animi.','Consectetur assumenda totam aut pariatur est. Ex ipsam iure laborum quia aliquid. Pariatur ut minima nisi consectetur natus recusandae mollitia. Quasi sed provident nihil.','2023-07-22 00:55:33','2023-07-22 00:55:33',20,'dolor-qui-hic-itaque-dolores-dolore-autem-consequatur'),(35,'Id blanditiis debitis eos autem.','Ut saepe molestiae quia non veritatis veritatis et. Ea sunt sit officia velit. Asperiores maiores nemo ut consequuntur quia necessitatibus ipsa et. Voluptate doloribus deserunt ea et.','2023-07-22 00:55:33','2023-07-22 00:55:33',19,'quia-omnis-et-voluptatem-esse-voluptatibus'),(36,'Eligendi at voluptatem quod.','Est libero veniam sed autem corporis molestias. Qui blanditiis aut repellendus ut fugiat aut. Voluptatem cupiditate et ea aut saepe rerum. Dolores qui ut perspiciatis similique eius et.','2023-07-22 00:55:33','2023-07-22 00:55:33',3,'qui-harum-placeat-excepturi-exercitationem'),(37,'Quibusdam quia vel voluptatem sit ratione.','Amet possimus eius sequi aut et commodi optio. Sed ducimus commodi earum quia est doloribus. Quam repellat pariatur vitae voluptatem tempore.','2023-07-22 00:55:33','2023-07-22 00:55:33',14,'voluptatum-unde-voluptatem-et-mollitia-sint'),(38,'Dolorum animi ut corrupti.','Ut illum laudantium quod et qui. Ipsum architecto accusantium corrupti non sunt sit et magnam. Aliquam quae omnis saepe. Perferendis voluptatem ut laboriosam itaque quos nemo.','2023-07-22 00:55:33','2023-07-22 00:55:33',1,'ut-sunt-quas-vel-laboriosam-tempora-facere'),(39,'Reiciendis aut quia recusandae accusamus dolore.','Est itaque accusamus quisquam dolores. Magnam dolor est dolor non possimus corporis laboriosam. Saepe ex ipsa ut quisquam et ab incidunt. Excepturi esse nihil vitae quaerat delectus accusamus.','2023-07-22 00:55:33','2023-07-22 00:55:33',14,'et-cum-sequi-esse-sed-ex-voluptas-ut'),(40,'Itaque sint ipsa nesciunt animi consequuntur mollitia sit enim.','Eum incidunt aut et vel in. Est excepturi qui impedit quos deleniti. Omnis quos repellat accusamus soluta.','2023-07-22 00:55:33','2023-07-22 00:55:33',4,'dolor-voluptas-illum-vel-est-soluta-deserunt-et-suscipit'),(41,'Eum sapiente id dolores laboriosam dolorem.','Quod aliquam ratione minus sunt. Totam id eum nihil exercitationem officiis aut. Commodi aut odio sint laborum officia enim.','2023-07-22 00:55:33','2023-07-22 00:55:33',1,'temporibus-nihil-qui-dolor-voluptas-est-et'),(42,'Ut corporis eveniet alias rerum.','Molestiae exercitationem voluptas maxime itaque veritatis ut. Dolor dolor vero nobis alias. Ducimus accusamus iusto nobis voluptas doloribus incidunt consequatur.','2023-07-22 00:55:33','2023-07-22 00:55:33',18,'minus-et-aliquam-impedit-consequatur-dignissimos'),(43,'Delectus laborum id aut ea omnis quidem.','Sit placeat ea vitae quia. Expedita sint non voluptate earum. Autem et enim excepturi omnis nulla. Ducimus sit cum omnis soluta quidem eaque tenetur.','2023-07-22 00:55:33','2023-07-22 00:55:33',7,'a-inventore-molestiae-corporis-quia-quia'),(44,'Reprehenderit ea reiciendis expedita et.','Quae sint pariatur dolorum et eos eius corrupti. Consectetur occaecati inventore dolor. Culpa quo aut ea officiis quia hic iste. Accusantium veniam harum distinctio et nobis dolore.','2023-07-22 00:55:33','2023-07-22 00:55:33',20,'sunt-tempora-laboriosam-rerum-exercitationem'),(45,'Veritatis dolor libero omnis aut omnis corrupti.','Ullam quibusdam sint voluptate molestias sed. Rerum perspiciatis voluptatem asperiores consequatur pariatur quam molestiae. Deserunt maxime autem sit assumenda sed deleniti.','2023-07-22 00:55:33','2023-07-22 00:55:33',10,'voluptatem-aut-veritatis-aut-sed-iste-quas-culpa'),(46,'Aperiam consequuntur possimus reprehenderit iusto voluptatem sit quisquam.','Ut tempore occaecati in minus aut. Earum aut molestias nemo est. Maiores iusto rem similique non eaque. Asperiores ad ut ut sed nisi ipsum reprehenderit. Aliquid a eos sunt similique.','2023-07-22 00:55:33','2023-07-22 00:55:33',7,'aut-magnam-quo-corporis-eaque'),(47,'Corrupti consequuntur quos officia quis maiores aut sed.','Quidem magnam officiis doloremque voluptas maxime. Ratione aut dolorum consequatur dicta nisi et itaque. Molestiae praesentium odio sed praesentium occaecati iure. Quis labore omnis et dolores.','2023-07-22 00:55:33','2023-07-22 00:55:33',20,'placeat-voluptatibus-itaque-aut-quos-nisi'),(48,'Earum incidunt quidem qui.','Doloribus est occaecati explicabo maxime quis. Facere omnis quia ex qui mollitia. Reiciendis aut est tempora et suscipit et. Tempora qui aliquam ipsum vel.','2023-07-22 00:55:33','2023-07-22 00:55:33',12,'dolorem-voluptates-eaque-distinctio-aut-nesciunt-sint-magnam'),(49,'Nam culpa et sit quia sit incidunt asperiores et.','Dolorum officiis quis voluptates saepe corporis. Nostrum eligendi omnis voluptatem eum. Dolor quisquam aliquam similique illo. Saepe provident nobis ipsa quisquam assumenda.','2023-07-22 00:55:33','2023-07-22 00:55:33',17,'eum-dolor-nostrum-sit-laboriosam-quibusdam-quia-sint'),(50,'Voluptas iure ut dolorem ut.','Sed repellendus et dolore eos dolorum. Ex quis velit iusto error voluptatem. Nesciunt autem incidunt laborum aperiam occaecati.','2023-07-22 00:55:33','2023-07-22 00:55:33',16,'illum-magnam-aut-voluptas-officia'),(51,'Quis voluptatem vel molestias optio et eum voluptas.','Nesciunt dignissimos est aperiam tempora accusantium sunt. Accusantium voluptatem ea illo molestiae nihil illo aut. Voluptatem soluta atque sequi voluptas.','2023-07-22 00:55:33','2023-07-22 00:55:33',17,'ab-dolor-maiores-nihil-corporis-nemo'),(52,'Ut ratione quae rerum.','Quam nam accusantium saepe itaque. Quo esse ut suscipit qui. Aut architecto est commodi consequatur ea qui.','2023-07-22 00:55:33','2023-07-22 00:55:33',9,'ut-ipsa-ex-quibusdam-quia-nobis'),(53,'Voluptas magni eum quas fugiat et soluta.','Reprehenderit nostrum sint voluptatem et perferendis. Vel sequi laudantium fugit aut. Sit quo soluta aspernatur temporibus eos cupiditate debitis.','2023-07-22 00:55:33','2023-07-22 00:55:33',2,'sed-officiis-doloribus-vitae-tempora-et'),(54,'Voluptatem ipsa qui nihil est sit.','Fugit asperiores recusandae officia velit laboriosam. Sunt non beatae quam dolorem iure incidunt. Fuga aut tenetur omnis sit fuga repudiandae.','2023-07-22 00:55:33','2023-07-22 00:55:33',10,'et-praesentium-sunt-blanditiis-consequuntur-laudantium-voluptatibus'),(55,'Temporibus eveniet alias sit et voluptas atque.','Dolor repudiandae nulla soluta non facilis sint ut. Voluptates quam quia delectus est.','2023-07-22 00:55:33','2023-07-22 00:55:33',11,'dolore-ea-non-et-veritatis-maxime-quas'),(56,'Rerum labore quis autem illo vitae neque rerum fuga.','Magnam quo qui hic totam sed quas. Neque iste velit debitis qui temporibus quis. Quaerat sunt sed dolore quis ea. Expedita at qui autem voluptatibus dolorem occaecati.','2023-07-22 00:55:33','2023-07-22 00:55:33',9,'inventore-aut-consequatur-aperiam-voluptas-molestiae-dolore'),(57,'Exercitationem deleniti sunt est laudantium sit.','Qui omnis consequatur distinctio ut totam. Ipsum porro molestiae nihil est dolor facere. In qui totam similique temporibus repellat quos.','2023-07-22 00:55:33','2023-07-22 00:55:33',13,'rerum-modi-eveniet-pariatur-excepturi-suscipit-vel-et'),(58,'Exercitationem ut facilis doloribus voluptas qui.','Dignissimos deserunt qui quia velit facilis. Ullam aperiam in aut. Ipsam beatae quam quia sit consequatur libero rem.','2023-07-22 00:55:33','2023-07-22 00:55:33',18,'fugit-officiis-dolor-quis-aut-qui-fugit-omnis-dolore'),(59,'Doloribus delectus nihil non eveniet est dignissimos.','Enim molestias praesentium mollitia possimus laudantium et voluptatem. Ipsam in est laudantium ea facere et quas. Dignissimos adipisci tempore aliquid dolore et consequatur.','2023-07-22 00:55:33','2023-07-22 00:55:33',9,'explicabo-fugiat-laudantium-necessitatibus'),(60,'Ea aut aliquam dolor aut odit expedita quo.','Eos possimus laudantium iusto voluptatem. Velit consequatur officiis est minus non vero. Repellat tempore velit odio ratione porro. Vitae esse atque facere magni.','2023-07-22 00:55:33','2023-07-22 00:55:33',3,'reiciendis-beatae-esse-quis-consequuntur-nam'),(61,'Sed dolor facere dolores cum.','Quia unde nesciunt nostrum at. Saepe amet neque ab dolore incidunt. Odio nostrum impedit alias provident et neque.','2023-07-22 00:55:33','2023-07-22 00:55:33',15,'voluptatem-ex-vitae-error-accusantium-atque-similique-alias'),(62,'Et delectus qui porro eligendi exercitationem qui.','Perspiciatis aut impedit aut culpa voluptatibus. Dolorem eos nisi facere voluptas enim voluptatibus non. Quos sequi qui nam doloremque.','2023-07-22 00:55:33','2023-07-22 00:55:33',14,'doloribus-ratione-quo-ut-vel'),(63,'Similique optio quidem nesciunt amet.','Exercitationem laudantium voluptatem officiis tempore sed. Laborum itaque quia quisquam doloremque impedit. Ad vel illum fuga ab esse et quasi distinctio.','2023-07-22 00:55:33','2023-07-22 00:55:33',6,'et-odio-quidem-et-voluptatem'),(64,'Dolorum nihil et corrupti labore officiis nesciunt.','Beatae sapiente nihil quisquam in. Perferendis dolores maiores sapiente expedita eveniet eum quisquam ut. Iusto molestiae quas aut autem accusamus excepturi.','2023-07-22 00:55:33','2023-07-22 00:55:33',1,'tenetur-repellat-ut-ratione-omnis-qui-molestias-voluptatum'),(65,'Ullam odio occaecati nihil sit amet.','Et quod debitis asperiores voluptate ex sed incidunt. Harum porro quasi ducimus ullam laboriosam iste.','2023-07-22 00:55:33','2023-07-22 00:55:33',5,'asperiores-repellendus-sapiente-voluptas'),(66,'Nostrum quidem ut odit.','Veritatis neque nihil velit. Quia distinctio aut eum sunt laborum. Voluptatem quidem ad architecto sint fuga accusantium ea. Officiis provident itaque provident saepe omnis.','2023-07-22 00:55:33','2023-07-22 00:55:33',7,'pariatur-repudiandae-possimus-quod-quis-qui-recusandae-illum'),(67,'Voluptates officia nihil esse quo.','Mollitia tempora mollitia quos consequatur. Ut sapiente repudiandae quidem similique consequatur ipsum. Rem a nisi labore minus error laboriosam. Porro dolorem assumenda odio at iusto.','2023-07-22 00:55:33','2023-07-22 00:55:33',5,'magnam-dolorem-nulla-magni-nulla'),(68,'Possimus eum sint quas voluptas nisi qui possimus temporibus.','At error qui fuga quia officia autem ipsa qui. Accusamus nobis ab aut ut rem consectetur recusandae. Assumenda pariatur eos similique.','2023-07-22 00:55:33','2023-07-22 00:55:33',20,'aliquid-ut-maiores-animi-voluptate-repellendus'),(69,'Mollitia a et quis.','Dolor adipisci nesciunt consequatur. Consequatur molestias ducimus qui quidem beatae magni beatae. Autem ut occaecati veritatis consectetur. Praesentium iusto perferendis amet animi.','2023-07-22 00:55:33','2023-07-22 00:55:33',3,'quas-qui-voluptatum-rerum-consequatur-eum-praesentium'),(70,'Enim dolores doloremque ut cupiditate natus voluptates tenetur.','Impedit sit nesciunt atque repellendus temporibus. Facilis at numquam doloremque quia ducimus voluptate minima.','2023-07-22 00:55:33','2023-07-22 00:55:33',13,'maxime-suscipit-accusantium-est-ad-maiores-autem-dicta'),(71,'Temporibus porro et explicabo quia voluptas.','Sit explicabo animi et atque dicta omnis rerum. Rerum distinctio et necessitatibus illo ut.','2023-07-22 00:55:33','2023-07-22 00:55:33',10,'molestiae-et-quos-perferendis-qui'),(72,'In omnis dolores qui.','Perferendis dolorem sunt et modi maiores. Quia quia non eos atque tempore necessitatibus repellat. Eligendi et similique sed facilis. Officia facere repellendus repellat incidunt saepe ut.','2023-07-22 00:55:33','2023-07-22 00:55:33',2,'error-et-ab-possimus-autem'),(73,'Qui nisi modi explicabo dolorem aut veniam.','In consequatur esse asperiores numquam voluptas. Officiis incidunt voluptas enim autem est quia. Error expedita id molestiae laborum id sint. Ea voluptates quidem eligendi.','2023-07-22 00:55:33','2023-07-22 00:55:33',1,'rerum-eius-ipsa-nihil-quam-quisquam-ducimus-qui'),(74,'Minus eum natus earum saepe.','Tenetur quae sequi rerum nisi. Voluptatibus et ipsum ut ipsa voluptatem. Saepe cumque ut iusto.','2023-07-22 00:55:33','2023-07-22 00:55:33',16,'nulla-autem-quam-vel-tempora-amet-error-necessitatibus-deserunt'),(75,'Veritatis voluptas molestiae harum aliquid.','Quod doloremque est dolor totam non quasi. Laborum quia odio magnam aut facilis voluptatem quo. Consequatur itaque delectus expedita et alias et. Dolorem voluptate quod assumenda distinctio qui.','2023-07-22 00:55:33','2023-07-22 00:55:33',15,'molestiae-facilis-et-mollitia-optio-sapiente-provident-vero-maxime'),(76,'Sint cumque placeat magni.','Alias in eaque incidunt non. Sit et vel maxime qui dolorem quibusdam. Eaque est excepturi quia expedita ut eum dolores. Dicta aut sit ex temporibus magni necessitatibus repellendus.','2023-07-22 00:55:33','2023-07-22 00:55:33',10,'assumenda-sed-aut-minus-qui-recusandae-incidunt-quaerat'),(77,'Aut facilis temporibus est.','Voluptas at est qui repellendus earum. Delectus aliquam reprehenderit veniam commodi voluptas eos. Rem et facilis voluptas eius molestiae.','2023-07-22 00:55:33','2023-07-22 00:55:33',10,'quo-expedita-quas-rerum-perferendis-et'),(78,'Non quod animi itaque et iure enim.','Aspernatur omnis repellendus ut odio et. Labore esse rerum maxime rerum ut debitis numquam perferendis. Non quam aliquam facilis voluptates non dignissimos.','2023-07-22 00:57:50','2023-07-22 00:57:50',15,'consequatur-consectetur-deserunt-nulla-facilis-non-cum-sit'),(79,'Aliquam et fugit dignissimos illum.','Ducimus quidem quis qui quo sed. Impedit aliquam quia esse eos.','2023-07-22 00:57:50','2023-07-22 00:57:50',1,'asperiores-repudiandae-dignissimos-fugiat-illum-voluptas'),(80,'Numquam voluptatem libero adipisci alias fuga id.','Eaque omnis ut nemo consequatur voluptate autem vel. Totam praesentium assumenda facere quo dolore.','2023-07-22 00:57:50','2023-07-22 00:57:50',15,'ut-aut-ex-praesentium-molestiae'),(81,'Praesentium corrupti expedita aut quis itaque deserunt tempora.','Qui fugit vero quis ea omnis aut tempore. Iste maiores qui atque. Voluptate pariatur esse quis nam in delectus maxime.','2023-07-22 00:57:50','2023-07-22 00:57:50',19,'officia-enim-quia-enim-qui-iure-impedit-in'),(82,'Mollitia aperiam dolores eaque dolor inventore enim quia nihil.','Id nesciunt esse aliquam iure. Nam et et necessitatibus modi vero. Similique quod qui consequuntur totam quo dolorem. Soluta qui inventore est incidunt.','2023-07-22 00:57:50','2023-07-22 00:57:50',3,'quae-qui-sunt-qui-excepturi-numquam-et-eaque'),(83,'Quia accusantium voluptatem voluptate.','Repellendus quis quo unde aut. Est iure officiis numquam. Dicta fugit natus fugit perferendis cum nostrum aut provident. Dolor accusamus ipsum qui ut nemo.','2023-07-22 00:57:50','2023-07-22 00:57:50',7,'amet-ullam-suscipit-non'),(84,'Qui nam ut nam dolores optio aut quo.','Modi libero sit voluptas iure eos. Quam sed quia et sint. Vero rerum doloribus facilis quia assumenda in.','2023-07-22 00:57:50','2023-07-22 00:57:50',4,'nostrum-vel-reiciendis-omnis-culpa-voluptatum'),(85,'Possimus necessitatibus qui eius consequatur est.','Sit ab quas magni aperiam et. Animi voluptatum iste totam. Et adipisci atque asperiores ut quia praesentium et.','2023-07-22 00:57:50','2023-07-22 00:57:50',18,'et-excepturi-et-dolor-rerum-iusto-cupiditate-ex-odit'),(86,'Totam et et veritatis tenetur officia esse sint illum.','Cupiditate et omnis corporis eaque saepe sit voluptatum. Voluptatem architecto ut molestiae ipsa nulla non facilis. Sunt molestias nihil vitae. Aut aliquid qui aliquid quis debitis fugiat nihil.','2023-07-22 00:57:50','2023-07-22 00:57:50',4,'consequuntur-sit-quis-a-quia-provident-voluptas-sunt'),(87,'Ad perferendis aut voluptate vel praesentium atque nemo.','Quod natus aut quia omnis perspiciatis ut. Vel beatae vel ab dignissimos ea quo incidunt. Ab ea rem omnis neque et cumque sit.','2023-07-22 00:57:50','2023-07-22 00:57:50',6,'ab-voluptates-corporis-laudantium'),(88,'Voluptatem debitis provident neque veritatis minima.','Iusto distinctio atque quidem adipisci. Nulla est vel veritatis temporibus fuga omnis. Quia et dolorem voluptas sed nobis non accusantium dolore. Est sed ab ipsam error sit possimus.','2023-07-22 00:57:50','2023-07-22 00:57:50',9,'dolore-nulla-porro-possimus-praesentium-fugit-minus-ea-qui'),(89,'Voluptates consequuntur possimus tempora ea.','Sunt et fuga sunt nobis libero esse et. Quae nihil consequuntur totam facilis quis quia. Mollitia autem et vero quas. Deleniti in nihil fugiat omnis eum.','2023-07-22 00:57:50','2023-07-22 00:57:50',13,'dolor-quos-iusto-ut-laudantium-quae-iste-et'),(90,'Et corporis accusantium culpa quo.','Rerum cumque est alias nihil debitis. Quam in quia odit nostrum placeat similique aut. Error eum quia voluptatem voluptatem dolore ut rerum expedita.','2023-07-22 00:57:50','2023-07-22 00:57:50',9,'ipsum-velit-esse-dolor-doloribus-voluptatum-magnam-in'),(91,'Similique dolor repellat qui eaque in ea.','Laborum fugiat cumque sapiente atque. Perspiciatis perferendis et corrupti voluptatum. Dolorem officiis et quae vel rerum esse suscipit ipsam.','2023-07-22 00:57:50','2023-07-22 00:57:50',18,'in-minus-nemo-neque-similique-provident-animi-minima-quia'),(92,'Vel inventore eius reprehenderit voluptatem occaecati eum modi eius.','Harum ab et vitae. Non perspiciatis architecto aut sint doloremque aut reiciendis iusto.','2023-07-22 00:57:50','2023-07-22 00:57:50',20,'voluptatem-placeat-quia-iste-libero-aut-fugiat-quis-eum'),(93,'Aliquam voluptas tempora aliquid id enim reprehenderit esse sint.','Et fugit repellendus ad incidunt inventore autem a. Hic consequuntur blanditiis quasi pariatur occaecati. Ut distinctio dignissimos consequatur aut autem quae. Ea iste velit odio facere.','2023-07-22 00:57:50','2023-07-22 00:57:50',6,'ipsa-distinctio-quasi-vitae-doloribus-dolores-ut-illo'),(94,'Officia et et culpa ad nulla similique.','Animi accusantium dicta eum sed labore. Animi provident dolorem rerum voluptatem quae earum. Quo quia quis dolorem placeat cumque laudantium eum expedita. Eligendi sit dolor quibusdam porro ut.','2023-07-22 00:57:50','2023-07-22 00:57:50',4,'nesciunt-quidem-praesentium-qui-sit'),(95,'Quis illum fuga facilis nihil aut nulla illum.','Nemo facilis quidem quia quia corporis et a. Est est cupiditate expedita perferendis sunt dolorum debitis quis.','2023-07-22 00:57:50','2023-07-22 00:57:50',7,'praesentium-sit-sunt-aut'),(96,'Odio provident accusamus placeat optio modi.','Sed non aliquam sit veniam consequuntur debitis. Soluta dolores vero totam vel aliquid. Ea cum velit qui nostrum ducimus qui.','2023-07-22 00:57:50','2023-07-22 00:57:50',12,'rem-corrupti-quidem-perferendis-minima-provident'),(97,'Amet temporibus facilis nihil non.','Quia quae neque est voluptas aliquam omnis laudantium. Id dolores expedita quasi accusantium velit. Eos eligendi maxime iusto eius.','2023-07-22 00:57:50','2023-07-22 00:57:50',16,'ipsa-qui-atque-enim-soluta-sint-possimus-a'),(98,'Expedita nemo ratione dolor sit perferendis porro molestias.','Eos perferendis aut occaecati velit. Ut hic ut enim sint ea ullam qui. Eos rerum in vel architecto maxime sed.','2023-07-22 00:57:50','2023-07-22 00:57:50',6,'itaque-quibusdam-consectetur-voluptate-reiciendis-soluta-molestias'),(99,'Modi voluptatem rem sed deserunt est.','Numquam sequi quis alias voluptas consequatur vitae dolorem quia. Saepe voluptas et recusandae. Vitae voluptas unde ex possimus. Veniam omnis alias expedita ea qui.','2023-07-22 00:57:50','2023-07-22 00:57:50',7,'cupiditate-aut-voluptatem-tempore-provident-et'),(100,'Sunt sunt aperiam perspiciatis autem quia eaque.','Doloribus adipisci sed minima itaque velit est. Asperiores et et natus autem nesciunt. Tempore eligendi a et officiis. Quis impedit dignissimos quos. Est quis et incidunt architecto magni facere.','2023-07-22 00:57:50','2023-07-22 00:57:50',19,'illo-explicabo-nam-autem-veritatis-commodi-qui'),(101,'Quisquam nam itaque quis explicabo enim aut ex aut.','Ea ratione recusandae quis deleniti rem. Nostrum odio consequatur praesentium aut laboriosam sit maxime. Est odit animi aliquid quia odio error velit.','2023-07-22 00:57:50','2023-07-22 00:57:50',15,'voluptatum-et-sunt-harum-quae-enim'),(102,'Quisquam voluptas voluptas quam numquam porro.','Aut consequatur sit perspiciatis non aut voluptatem quis. Non voluptatum dicta maiores nostrum quia sint numquam omnis. Eum perferendis omnis rem ut aut in.','2023-07-22 00:57:50','2023-07-22 00:57:50',11,'quis-alias-esse-vitae-eveniet-officiis-consequuntur'),(103,'Qui velit et inventore vel perspiciatis tempore.','Sunt omnis perspiciatis ipsa est. Dolor rerum nemo aperiam ab nostrum nam animi. Enim quisquam unde mollitia voluptatem eos. Unde magni ut sit enim consequuntur.','2023-07-22 00:57:50','2023-07-22 00:57:50',8,'ex-cum-error-et-beatae-eveniet-recusandae'),(104,'Nulla aperiam praesentium deleniti vel sint praesentium officiis.','Saepe maiores pariatur explicabo non debitis nesciunt labore. Debitis quia blanditiis numquam deleniti laboriosam quas quis.','2023-07-22 00:57:50','2023-07-22 00:57:50',18,'voluptatibus-est-iusto-nemo-aliquam'),(105,'Aliquid qui cum sed dolorem.','Veniam pariatur in asperiores. Soluta ut vel et rerum quas cumque non. Laborum sint reiciendis ullam delectus id libero quidem.','2023-07-22 00:57:50','2023-07-22 00:57:50',14,'voluptatem-alias-optio-a-nostrum'),(106,'Qui dolores natus quod at.','Tempora qui voluptatem at libero reiciendis sed. Saepe consequatur dolor deserunt aliquam quia. Dicta quo consectetur illo at. Ut quisquam nihil quaerat suscipit perferendis sint cupiditate.','2023-07-22 00:57:50','2023-07-22 00:57:50',9,'voluptatem-ea-ut-consequuntur-aspernatur-dolores-voluptatibus-quia-et'),(107,'Velit officiis at aut dolorem possimus laudantium ea.','Commodi et et rerum. Et nobis at eum atque modi et possimus. Recusandae in consequatur ut quam autem laudantium. Eveniet esse animi dolorum aut et deleniti. Quam aut quo consectetur ex pariatur a.','2023-07-22 00:57:50','2023-07-22 00:57:50',4,'sunt-aut-laborum-necessitatibus-placeat-voluptatem-ut'),(108,'Laudantium quas occaecati sed.','Placeat accusantium culpa voluptatem tenetur fugit. Porro nesciunt ut commodi magni sequi ut. Nemo suscipit voluptas sit assumenda. Voluptatibus dolorem quibusdam a rerum.','2023-07-22 00:57:50','2023-07-22 00:57:50',4,'quis-voluptas-nemo-qui-saepe-eius-vel-consequatur'),(109,'Corrupti incidunt corporis doloribus quia quo.','Enim vitae eligendi ab. Aut repellat itaque facere suscipit facilis recusandae. Aut omnis voluptas officiis facere et corporis aliquam laborum.','2023-07-22 00:57:50','2023-07-22 00:57:50',14,'sequi-est-voluptas-et-facere-sequi-omnis-quia'),(110,'Laboriosam unde blanditiis est ab.','Nihil at voluptatem nihil molestiae omnis qui vel. Distinctio et itaque repellat quo. Eum soluta esse earum nisi. Quis dolorem optio ad aut.','2023-07-22 00:57:50','2023-07-22 00:57:50',14,'animi-et-deserunt-fugit-et-culpa'),(111,'Aliquam voluptatem nihil nemo dolores corrupti cumque.','Inventore quisquam consequatur expedita ipsam aut quia. Velit excepturi error occaecati eum. Accusantium est dolor nesciunt dicta facilis.','2023-07-22 00:57:50','2023-07-22 00:57:50',3,'saepe-reprehenderit-velit-ut-ullam'),(112,'Doloremque quidem accusantium et sunt fuga culpa.','Id dolores est consectetur. Tenetur dolore rerum itaque cupiditate dolorum inventore ut. Qui voluptatibus et repudiandae. Consectetur neque ullam aut.','2023-07-22 00:57:50','2023-07-22 00:57:50',2,'ex-omnis-pariatur-debitis-molestiae'),(113,'Qui vitae quis saepe veritatis vitae.','Totam sint commodi neque delectus sapiente. Nulla consequatur sequi ut eos velit magnam.','2023-07-22 00:57:50','2023-07-22 00:57:50',15,'quibusdam-voluptatem-dolor-necessitatibus-aspernatur'),(114,'Nemo culpa iusto quibusdam rerum vel enim.','Totam quibusdam harum recusandae aspernatur molestias praesentium adipisci. Excepturi nobis et et. Modi consequatur iste dolor officiis commodi. Non fuga et et voluptatem eum.','2023-07-22 00:57:50','2023-07-22 00:57:50',18,'saepe-error-ut-quidem-voluptas-veritatis-ipsa'),(115,'Qui officiis illo mollitia possimus.','Veritatis voluptas et provident impedit quod. Delectus enim natus aliquid quae omnis dolores voluptatem. Et accusamus veritatis et occaecati.','2023-07-22 00:57:50','2023-07-22 00:57:50',10,'enim-praesentium-minus-animi-sunt-quia-est'),(116,'Non libero molestiae molestias sapiente mollitia autem nobis magnam.','Dolorum omnis tempora optio voluptas. Qui nihil sed molestias dolor beatae. Recusandae repellat earum voluptatem velit. Blanditiis earum fuga voluptatem. Rerum fugit magnam similique earum quasi.','2023-07-22 00:57:50','2023-07-22 00:57:50',14,'iure-eligendi-error-fuga-a-eos'),(117,'Suscipit voluptatum laborum quibusdam quos reprehenderit voluptate.','Qui ad inventore sit quo. Sed distinctio odio commodi quaerat. Ut amet vitae consequatur. Incidunt dolore quia ut non. Voluptas dolor error nihil reiciendis qui.','2023-07-22 00:57:50','2023-07-22 00:57:50',11,'ipsam-omnis-omnis-et'),(118,'Ut quo officia atque recusandae vero dicta.','Assumenda rerum officia aliquid ex deserunt. Ut iste qui et est dolores ut ipsum. Blanditiis consequuntur earum ad. Vero rerum quisquam laudantium hic molestiae sequi.','2023-07-22 00:57:50','2023-07-22 00:57:50',5,'odit-eum-iusto-voluptatem-dolor-quasi-facilis-non-est'),(119,'Suscipit nisi soluta et incidunt sed.','Aperiam esse voluptates saepe nam sit. In a et voluptas voluptatem exercitationem. A velit rerum in qui vitae.','2023-07-22 00:57:50','2023-07-22 00:57:50',1,'iusto-voluptatem-harum-est-dolore-consequatur-et-dolore-ut'),(120,'Optio dolore esse inventore et facere.','Voluptatem et ea ut distinctio quia quisquam deleniti. Nulla nostrum fugit perspiciatis sit voluptas saepe vel.','2023-07-22 00:57:50','2023-07-22 00:57:50',16,'unde-necessitatibus-id-quod-minima-cupiditate-illo'),(121,'Blanditiis consequatur praesentium in numquam sit repellat est.','Quasi illum ad numquam iure repudiandae ad. Fugiat saepe minus alias ex rerum cupiditate. Aut harum libero enim enim id velit qui atque.','2023-07-22 00:57:50','2023-07-22 00:57:50',15,'vel-quia-placeat-quod-omnis-architecto'),(122,'Sit officiis sit et et odit.','Neque itaque ex iure assumenda dolores placeat. Adipisci dolorum enim vel impedit numquam nulla ipsum. Modi qui officia quidem quo quis ratione qui.','2023-07-22 00:57:50','2023-07-22 00:57:50',8,'rerum-unde-sequi-aut-dolor-consequatur-tempora'),(123,'Eaque at nostrum et magni assumenda ut.','Non aut esse vel. Repellendus ipsam molestias pariatur ex rerum pariatur. Sequi nisi odit ducimus molestiae minima ut ut.','2023-07-22 00:57:50','2023-07-22 00:57:50',4,'ex-ipsam-voluptatem-in-numquam'),(124,'Libero voluptas distinctio eum sed veniam fugiat.','Recusandae voluptatem ut sapiente dignissimos velit veniam iure. Aliquam porro amet sunt. Unde ullam omnis voluptate mollitia perferendis.','2023-07-22 00:57:50','2023-07-22 00:57:50',4,'at-sint-voluptas-sint'),(125,'Eius quas deleniti aperiam.','Harum et quidem quos repellendus magnam unde aut. Sed voluptas sint expedita veritatis. Qui illo qui et eum. Eaque asperiores doloremque ut dolor ea. Dignissimos quidem ipsum maxime.','2023-07-22 00:57:50','2023-07-22 00:57:50',10,'est-quos-fugit-aut-voluptatem-quae-sed-aliquam-fugit'),(126,'Corporis magnam assumenda veniam error.','Perferendis autem suscipit harum eos. A sed nesciunt beatae temporibus autem non. Qui delectus error nisi ipsum ut quibusdam possimus rem.','2023-07-22 00:57:50','2023-07-22 00:57:50',12,'accusantium-non-aut-fuga-vero-qui-id-fuga'),(127,'Aut in consequuntur nam dolores sed laudantium.','Nihil ut tempore qui possimus commodi enim. Modi ex sit provident illo. Magni atque qui molestiae amet ipsam a sit. Officiis error eius hic esse fuga est aut.','2023-07-22 00:57:50','2023-07-22 00:57:50',4,'soluta-omnis-exercitationem-neque');
/*!40000 ALTER TABLE `posts` ENABLE KEYS */;
UNLOCK TABLES;

--
-- Table structure for table `users`
--

DROP TABLE IF EXISTS `users`;
/*!40101 SET @saved_cs_client     = @@character_set_client */;
/*!50503 SET character_set_client = utf8mb4 */;
CREATE TABLE `users` (
  `id` bigint unsigned NOT NULL AUTO_INCREMENT,
  `name` varchar(255) COLLATE utf8mb4_unicode_ci NOT NULL,
  `email` varchar(255) COLLATE utf8mb4_unicode_ci NOT NULL,
  `email_verified_at` timestamp NULL DEFAULT NULL,
  `password` varchar(255) COLLATE utf8mb4_unicode_ci NOT NULL,
  `remember_token` varchar(100) COLLATE utf8mb4_unicode_ci DEFAULT NULL,
  `created_at` timestamp NULL DEFAULT NULL,
  `updated_at` timestamp NULL DEFAULT NULL,
  PRIMARY KEY (`id`) USING BTREE,
  UNIQUE KEY `users_email_unique` (`email`)
) ENGINE=InnoDB AUTO_INCREMENT=42 DEFAULT CHARSET=utf8mb4 COLLATE=utf8mb4_unicode_ci;
/*!40101 SET character_set_client = @saved_cs_client */;

--
-- Dumping data for table `users`
--

LOCK TABLES `users` WRITE;
/*!40000 ALTER TABLE `users` DISABLE KEYS */;
INSERT INTO `users` VALUES (1,'lucas','lucas@gmail.com','2023-07-21 16:53:12','lucas123',NULL,NULL,NULL),(2,'Prof. Enola Jenkins Sr.','fweissnat@example.org','2023-07-22 00:09:33','$2y$10$92IXUNpkjO0rOQ5byMi.Ye4oKoEa3Ro9llC/.og/at2.uheWG/igi','Y47jBDYh6E','2023-07-22 00:09:34','2023-07-22 00:09:34'),(3,'Korbin Simonis MD','murphy.olson@example.com','2023-07-22 00:09:33','$2y$10$92IXUNpkjO0rOQ5byMi.Ye4oKoEa3Ro9llC/.og/at2.uheWG/igi','aMaLsU12w5','2023-07-22 00:09:34','2023-07-22 00:09:34'),(4,'Prof. Amaya Ondricka I','magnolia.douglas@example.com','2023-07-22 00:09:33','$2y$10$92IXUNpkjO0rOQ5byMi.Ye4oKoEa3Ro9llC/.og/at2.uheWG/igi','j2N85aSKCd','2023-07-22 00:09:34','2023-07-22 00:09:34'),(5,'Dr. Turner Marvin PhD','sabrina76@example.org','2023-07-22 00:09:33','$2y$10$92IXUNpkjO0rOQ5byMi.Ye4oKoEa3Ro9llC/.og/at2.uheWG/igi','Ub3zBq3qhF','2023-07-22 00:09:34','2023-07-22 00:09:34'),(6,'Ricardo Gulgowski','hulda40@example.org','2023-07-22 00:09:33','$2y$10$92IXUNpkjO0rOQ5byMi.Ye4oKoEa3Ro9llC/.og/at2.uheWG/igi','oCWnqwJbTc','2023-07-22 00:09:34','2023-07-22 00:09:34'),(7,'Eli Daugherty','ruben05@example.net','2023-07-22 00:09:33','$2y$10$92IXUNpkjO0rOQ5byMi.Ye4oKoEa3Ro9llC/.og/at2.uheWG/igi','ZJiFMPM0YH','2023-07-22 00:09:34','2023-07-22 00:09:34'),(8,'Ashlee Quitzon','eschmidt@example.org','2023-07-22 00:09:33','$2y$10$92IXUNpkjO0rOQ5byMi.Ye4oKoEa3Ro9llC/.og/at2.uheWG/igi','yLXEr83q6Z','2023-07-22 00:09:34','2023-07-22 00:09:34'),(9,'Jedidiah Schmitt','dell.considine@example.org','2023-07-22 00:09:33','$2y$10$92IXUNpkjO0rOQ5byMi.Ye4oKoEa3Ro9llC/.og/at2.uheWG/igi','J5Zoyl9Skm','2023-07-22 00:09:34','2023-07-22 00:09:34'),(10,'Curtis Olson','bayer.daniela@example.com','2023-07-22 00:09:33','$2y$10$92IXUNpkjO0rOQ5byMi.Ye4oKoEa3Ro9llC/.og/at2.uheWG/igi','p7p9A8xRME','2023-07-22 00:09:34','2023-07-22 00:09:34'),(11,'Dr. Conor Champlin II','reichert.bridie@example.org','2023-07-22 00:09:33','$2y$10$92IXUNpkjO0rOQ5byMi.Ye4oKoEa3Ro9llC/.og/at2.uheWG/igi','hAUfkvLoIk','2023-07-22 00:09:34','2023-07-22 00:09:34'),(12,'Louisa Koepp','allene.schulist@example.org','2023-07-22 00:09:33','$2y$10$92IXUNpkjO0rOQ5byMi.Ye4oKoEa3Ro9llC/.og/at2.uheWG/igi','fS34DjpA82','2023-07-22 00:09:34','2023-07-22 00:09:34'),(13,'Dr. Gerda Towne','emelia.oconnell@example.org','2023-07-22 00:09:33','$2y$10$92IXUNpkjO0rOQ5byMi.Ye4oKoEa3Ro9llC/.og/at2.uheWG/igi','qIYd7g3m6T','2023-07-22 00:09:34','2023-07-22 00:09:34'),(14,'Casper Bins','percival.schuster@example.net','2023-07-22 00:09:33','$2y$10$92IXUNpkjO0rOQ5byMi.Ye4oKoEa3Ro9llC/.og/at2.uheWG/igi','C5dI6LXOhd','2023-07-22 00:09:34','2023-07-22 00:09:34'),(15,'Prof. Easter Stamm','lmante@example.org','2023-07-22 00:09:33','$2y$10$92IXUNpkjO0rOQ5byMi.Ye4oKoEa3Ro9llC/.og/at2.uheWG/igi','Dim53rJreG','2023-07-22 00:09:34','2023-07-22 00:09:34'),(16,'Jackie Ankunding','hardy57@example.com','2023-07-22 00:09:33','$2y$10$92IXUNpkjO0rOQ5byMi.Ye4oKoEa3Ro9llC/.og/at2.uheWG/igi','nA5ABepa82','2023-07-22 00:09:34','2023-07-22 00:09:34'),(17,'Judy Hoeger','jovanny.harber@example.net','2023-07-22 00:09:33','$2y$10$92IXUNpkjO0rOQ5byMi.Ye4oKoEa3Ro9llC/.og/at2.uheWG/igi','93Kq6i6Xki','2023-07-22 00:09:34','2023-07-22 00:09:34'),(18,'Bernhard Pouros','zkihn@example.org','2023-07-22 00:09:33','$2y$10$92IXUNpkjO0rOQ5byMi.Ye4oKoEa3Ro9llC/.og/at2.uheWG/igi','8JmhCuFuE2','2023-07-22 00:09:34','2023-07-22 00:09:34'),(19,'Haleigh Keebler DDS','balistreri.alberta@example.com','2023-07-22 00:09:33','$2y$10$92IXUNpkjO0rOQ5byMi.Ye4oKoEa3Ro9llC/.og/at2.uheWG/igi','5qZ42X5PlH','2023-07-22 00:09:34','2023-07-22 00:09:34'),(20,'Everardo Bogan','lucius.cronin@example.org','2023-07-22 00:09:33','$2y$10$92IXUNpkjO0rOQ5byMi.Ye4oKoEa3Ro9llC/.og/at2.uheWG/igi','hGC9kDwvh5','2023-07-22 00:09:34','2023-07-22 00:09:34'),(21,'Joe Kuhlman','emmanuelle.sipes@example.org','2023-07-22 00:09:33','$2y$10$92IXUNpkjO0rOQ5byMi.Ye4oKoEa3Ro9llC/.og/at2.uheWG/igi','U47Hb9mdBc','2023-07-22 00:09:34','2023-07-22 00:09:34'),(22,'Meagan Schmidt','rbayer@example.net','2023-07-22 00:57:50','$2y$10$92IXUNpkjO0rOQ5byMi.Ye4oKoEa3Ro9llC/.og/at2.uheWG/igi','vplaS64IH3','2023-07-22 00:57:50','2023-07-22 00:57:50'),(23,'Kelly Watsica Sr.','yschoen@example.com','2023-07-22 00:57:50','$2y$10$92IXUNpkjO0rOQ5byMi.Ye4oKoEa3Ro9llC/.og/at2.uheWG/igi','1eaygCXXgo','2023-07-22 00:57:50','2023-07-22 00:57:50'),(24,'Gisselle Stark','julianne93@example.org','2023-07-22 00:57:50','$2y$10$92IXUNpkjO0rOQ5byMi.Ye4oKoEa3Ro9llC/.og/at2.uheWG/igi','TjtFsadkMJ','2023-07-22 00:57:50','2023-07-22 00:57:50'),(25,'Miss Aliyah Koch','verdie.howell@example.com','2023-07-22 00:57:50','$2y$10$92IXUNpkjO0rOQ5byMi.Ye4oKoEa3Ro9llC/.og/at2.uheWG/igi','hqcEuZru9j','2023-07-22 00:57:50','2023-07-22 00:57:50'),(26,'Javier Beier','cleo96@example.com','2023-07-22 00:57:50','$2y$10$92IXUNpkjO0rOQ5byMi.Ye4oKoEa3Ro9llC/.og/at2.uheWG/igi','sJyi4bwmA3','2023-07-22 00:57:50','2023-07-22 00:57:50'),(27,'Dr. Karolann Zboncak','derek32@example.org','2023-07-22 00:57:50','$2y$10$92IXUNpkjO0rOQ5byMi.Ye4oKoEa3Ro9llC/.og/at2.uheWG/igi','An3C5niBSc','2023-07-22 00:57:50','2023-07-22 00:57:50'),(28,'Davin Daugherty','casper.earline@example.org','2023-07-22 00:57:50','$2y$10$92IXUNpkjO0rOQ5byMi.Ye4oKoEa3Ro9llC/.og/at2.uheWG/igi','UBAf5ZTI3u','2023-07-22 00:57:50','2023-07-22 00:57:50'),(29,'Jedidiah Thiel PhD','walsh.rusty@example.net','2023-07-22 00:57:50','$2y$10$92IXUNpkjO0rOQ5byMi.Ye4oKoEa3Ro9llC/.og/at2.uheWG/igi','Ll1U0127kO','2023-07-22 00:57:50','2023-07-22 00:57:50'),(30,'Marielle Krajcik','kelsie.okon@example.net','2023-07-22 00:57:50','$2y$10$92IXUNpkjO0rOQ5byMi.Ye4oKoEa3Ro9llC/.og/at2.uheWG/igi','Y8RNE2YATC','2023-07-22 00:57:50','2023-07-22 00:57:50'),(31,'Charlotte Effertz','ldare@example.com','2023-07-22 00:57:50','$2y$10$92IXUNpkjO0rOQ5byMi.Ye4oKoEa3Ro9llC/.og/at2.uheWG/igi','RgnevLhydv','2023-07-22 00:57:50','2023-07-22 00:57:50'),(32,'Anais Ledner','alexis42@example.net','2023-07-22 00:57:50','$2y$10$92IXUNpkjO0rOQ5byMi.Ye4oKoEa3Ro9llC/.og/at2.uheWG/igi','BTOZKdJhNi','2023-07-22 00:57:50','2023-07-22 00:57:50'),(33,'Mr. Rosario Johnson','bernardo.kutch@example.com','2023-07-22 00:57:50','$2y$10$92IXUNpkjO0rOQ5byMi.Ye4oKoEa3Ro9llC/.og/at2.uheWG/igi','EaezXyn5KT','2023-07-22 00:57:50','2023-07-22 00:57:50'),(34,'Hettie Schowalter V','abagail.legros@example.net','2023-07-22 00:57:50','$2y$10$92IXUNpkjO0rOQ5byMi.Ye4oKoEa3Ro9llC/.og/at2.uheWG/igi','mas3nEOn5A','2023-07-22 00:57:50','2023-07-22 00:57:50'),(35,'Hollie Ziemann','trutherford@example.org','2023-07-22 00:57:50','$2y$10$92IXUNpkjO0rOQ5byMi.Ye4oKoEa3Ro9llC/.og/at2.uheWG/igi','ZUNg9EoBlW','2023-07-22 00:57:50','2023-07-22 00:57:50'),(36,'Prof. Sheridan Rath','mbeatty@example.org','2023-07-22 00:57:50','$2y$10$92IXUNpkjO0rOQ5byMi.Ye4oKoEa3Ro9llC/.og/at2.uheWG/igi','r0h2YFYDNv','2023-07-22 00:57:50','2023-07-22 00:57:50'),(37,'Lindsey Wilderman','jacobs.alva@example.com','2023-07-22 00:57:50','$2y$10$92IXUNpkjO0rOQ5byMi.Ye4oKoEa3Ro9llC/.og/at2.uheWG/igi','XivsdyHqiT','2023-07-22 00:57:50','2023-07-22 00:57:50'),(38,'Leonardo Dietrich','daisha48@example.com','2023-07-22 00:57:50','$2y$10$92IXUNpkjO0rOQ5byMi.Ye4oKoEa3Ro9llC/.og/at2.uheWG/igi','U4VZN4gxiL','2023-07-22 00:57:50','2023-07-22 00:57:50'),(39,'Dr. Osvaldo Murray','imante@example.org','2023-07-22 00:57:50','$2y$10$92IXUNpkjO0rOQ5byMi.Ye4oKoEa3Ro9llC/.og/at2.uheWG/igi','rHj8dAPwF1','2023-07-22 00:57:50','2023-07-22 00:57:50'),(40,'Sarina Turner','yundt.elyse@example.org','2023-07-22 00:57:50','$2y$10$92IXUNpkjO0rOQ5byMi.Ye4oKoEa3Ro9llC/.og/at2.uheWG/igi','hzczvjobgn','2023-07-22 00:57:50','2023-07-22 00:57:50'),(41,'Tyshawn Collier','austen.baumbach@example.com','2023-07-22 00:57:50','$2y$10$92IXUNpkjO0rOQ5byMi.Ye4oKoEa3Ro9llC/.og/at2.uheWG/igi','EnQGVISwfl','2023-07-22 00:57:50','2023-07-22 00:57:50');
/*!40000 ALTER TABLE `users` ENABLE KEYS */;
UNLOCK TABLES;
/*!40103 SET TIME_ZONE=@OLD_TIME_ZONE */;

/*!40101 SET SQL_MODE=@OLD_SQL_MODE */;
/*!40014 SET FOREIGN_KEY_CHECKS=@OLD_FOREIGN_KEY_CHECKS */;
/*!40014 SET UNIQUE_CHECKS=@OLD_UNIQUE_CHECKS */;
/*!40101 SET CHARACTER_SET_CLIENT=@OLD_CHARACTER_SET_CLIENT */;
/*!40101 SET CHARACTER_SET_RESULTS=@OLD_CHARACTER_SET_RESULTS */;
/*!40101 SET COLLATION_CONNECTION=@OLD_COLLATION_CONNECTION */;
/*!40111 SET SQL_NOTES=@OLD_SQL_NOTES */;

-- Dump completed on 2023-07-21 15:19:39
